	0	1	2	3	4	5	6	7	8	9	10	11	12	13	14
students	0.034665632992982864	0.0	0.0	0.0	0.0	0.004996797535568476	0.0	0.0	0.0	0.0	0.0	0.0	0.0	0.02448943257331848	0.0
year	0.009363957680761814	0.0	0.0	0.0	0.0	0.0	0.0	0.0	0.0	0.02175205945968628	0.0	0.0	0.0033654924482107162	0.0	0.0
programme	0.00910765491425991	0.0	0.0	0.0	0.0025249584577977657	0.0	0.0	0.0	0.0	0.0	0.0	0.0	0.0	0.0	0.0
programmes	0.008533150888979435	0.0	0.0	0.0	0.0	0.0	0.0	0.0	0.0	0.0	0.0	0.0	0.0	0.0	0.0
education	0.008397815749049187	0.0	0.0	0.0	0.004937521182000637	0.0	0.0	0.0	0.0	0.0	0.009160071611404419	0.0	0.0	0.006980605889111757	0.0
business	0.007663328666239977	0.0	0.0	0.0	0.0	0.0	0.0	0.0047523388639092445	0.0	0.0	0.0	0.0	0.0	0.0	0.0
new	0.007062063552439213	0.0053755841217935085	0.003938168287277222	0.010332763195037842	0.0025128573179244995	0.0	0.00861318688839674	0.0	0.0	0.0	0.0	0.0	0.0	0.0	0.0028218068182468414
academic	0.006361314095556736	0.0	0.0	0.0	0.0	0.0	0.0	0.0	0.0	0.0	0.007129097823053598	0.0	0.0	0.0	0.0
development	0.006127818021923304	0.0	0.005652882624417543	0.0064810155890882015	0.004872909747064114	0.0	0.0024515476543456316	0.0	0.0	0.0	0.009124205447733402	0.0	0.0	0.0	0.0
student	0.005592615809291601	0.0	0.0	0.0	0.0	0.0	0.0	0.0	0.0	0.0	0.0	0.0	0.0	0.0	0.0
industry	0.005573858506977558	0.0	0.003670359496027231	0.0	0.0	0.0	0.004989893175661564	0.0	0.0	0.0	0.0	0.0032619331032037735	0.0036019706167280674	0.0	0.0
more	0.005497648846358061	0.0036721655633300543	0.002923138439655304	0.0	0.004142016638070345	0.005091371946036816	0.0	0.0	0.0	0.0	0.0	0.0043214838951826096	0.00434955395758152	0.00754725094884634	0.005343572702258825
ceremony	0.005448885727673769	0.0	0.0	0.0	0.0	0.0	0.0	0.0	0.003519824706017971	0.0	0.005751403979957104	0.0	0.0	0.0	0.0
support	0.005437540356069803	0.0	0.0	0.0	0.006718951743096113	0.0	0.0029566027224063873	0.0	0.0	0.0	0.007340685464441776	0.0	0.0	0.0	0.0
world	0.005313734989613295	0.0	0.006170754320919514	0.0	0.0	0.004329876974225044	0.0	0.0064451731741428375	0.0	0.0	0.004043789114803076	0.0	0.0	0.0	0.0
first	0.004919960163533688	0.0025562900118529797	0.003399347886443138	0.0033243780490010977	0.0	0.005308688618242741	0.00392960524186492	0.0	0.0026824057567864656	0.00598530238494277	0.005815100856125355	0.0	0.0	0.0	0.002257909392938018
campus	0.0048932842910289764	0.0	0.0	0.0	0.0	0.003974985796958208	0.0	0.0	0.0	0.0	0.0	0.0	0.0	0.0	0.0
learning	0.004632286261767149	0.0	0.0	0.0	0.0	0.0	0.0	0.0	0.0	0.0	0.0	0.0	0.0	0.004316967912018299	0.0
research	0.004491937812417746	0.004776364658027887	0.036958590149879456	0.03404626250267029	0.00891392957419157	0.0	0.0	0.0	0.0	0.0	0.010987121611833572	0.007110188249498606	0.00513734994456172	0.0	0.0032737567089498043
international	0.004472295753657818	0.0	0.00494341691955924	0.003173164092004299	0.0	0.0	0.0	0.00622742623090744	0.0	0.0	0.005084313452243805	0.0	0.0	0.0	0.0
design	0.0043624876998364925	0.0	0.0	0.0	0.0	0.0	0.007921273820102215	0.0	0.0	0.0	0.0	0.0	0.0	0.0	0.0
years	0.004080581944435835	0.004766231868416071	0.0027657360769808292	0.002674310700967908	0.0	0.0	0.0	0.002977268537506461	0.003642057301476598	0.0	0.014821216464042664	0.002004851819947362	0.0	0.003663182258605957	0.003146982751786709
graduates	0.00396212562918663	0.0	0.0	0.0	0.0	0.0	0.0	0.0	0.0	0.0	0.0	0.0	0.0	0.0	0.007986845448613167
teaching	0.003961458336561918	0.0	0.0	0.0	0.0	0.0	0.0	0.0	0.0	0.0	0.004727401304990053	0.0	0.0	0.0	0.0
university	0.003926701843738556	0.0	0.0	0.0	0.0	0.0	0.0	0.0	0.0	0.0	0.0	0.0	0.0	0.0	0.0
including	0.003890186781063676	0.0	0.004030935931950808	0.002653431612998247	0.0024852119386196136	0.005986829288303852	0.0	0.003278956050053239	0.0	0.0	0.005511217284947634	0.0	0.0	0.0	0.0
other	0.0038407808169722557	0.0026820958591997623	0.0033620663452893496	0.004019381012767553	0.0028428328223526478	0.0034249972086399794	0.004251969046890736	0.0034066515509039164	0.0	0.0	0.0	0.003219255246222019	0.0	0.004357147961854935	0.0024104039184749126
knowledge	0.003629339626058936	0.0	0.0	0.0	0.0036794370971620083	0.0	0.0	0.0	0.0	0.0	0.0	0.0	0.0	0.0	0.0
experience	0.003530560526996851	0.0	0.0	0.0	0.0	0.0	0.0	0.0	0.0	0.0	0.0	0.0	0.0	0.0	0.0
amp	0.0034572703298181295	0.0	0.0	0.0	0.0	0.005935212131589651	0.0	0.0033016197849065065	0.0	0.0	0.004296417813748121	0.0	0.0	0.0	0.0
exchange	0.0033052710350602865	0.0	0.0	0.0	0.0	0.0	0.0	0.0	0.0	0.0	0.0	0.0	0.0	0.0	0.0
chinese	0.003289780579507351	0.0	0.004751517903059721	0.0	0.0	0.008528824895620346	0.0	0.0	0.017755087465047836	0.0	0.013679565861821175	0.007970992475748062	0.0	0.0	0.0
today	0.003281033132225275	0.0	0.0	0.0	0.0	0.0	0.0	0.0	0.0	0.0	0.005505998153239489	0.0	0.0	0.0	0.0
top	0.0032772652339190245	0.0	0.0	0.0	0.0	0.0	0.0	0.0	0.0	0.0	0.0	0.0	0.0	0.0	0.0
universities	0.0032306797802448273	0.0	0.0	0.0	0.0	0.0	0.0	0.0	0.0	0.0	0.0	0.0	0.0	0.0	0.0
activities	0.0031385356560349464	0.0	0.0	0.0	0.0	0.0	0.0	0.0	0.0	0.0	0.0	0.0	0.0	0.003535513300448656	0.0
local	0.003127145580947399	0.0	0.0	0.0	0.004723141901195049	0.0	0.0	0.0	0.0	0.0	0.0	0.00474753649905324	0.0	0.0	0.0
mainland	0.0031140227802097797	0.0	0.0	0.0	0.0	0.0	0.0	0.0	0.0	0.0	0.0	0.003705966053530574	0.0	0.0	0.0
event	0.0030871923081576824	0.0	0.0	0.0	0.0	0.0051151420921087265	0.0	0.0	0.0	0.0	0.0	0.0	0.0	0.0	0.0
training	0.003081353148445487	0.0	0.0	0.0	0.0037012631073594093	0.0	0.0	0.0	0.0	0.0	0.0	0.0	0.0	0.0	0.0
alumni	0.0029908628202974796	0.0	0.0	0.0	0.0	0.0	0.0	0.0	0.0	0.0	0.0	0.0	0.0	0.0	0.0
institutions	0.002988627180457115	0.0	0.0	0.0	0.0	0.0	0.0	0.0	0.0	0.0	0.0	0.0	0.0	0.0	0.0
community	0.002969932509586215	0.0	0.0	0.0	0.009980994276702404	0.0	0.0	0.0	0.0	0.0	0.008521492592990398	0.0	0.0	0.0	0.0
global	0.002950886031612754	0.0	0.0	0.0	0.0	0.0	0.0	0.005693150218576193	0.0	0.0039296201430261135	0.0	0.0	0.0	0.0	0.0
schools	0.002920134924352169	0.0	0.0	0.0	0.0	0.0	0.0	0.0	0.0	0.0	0.0	0.0	0.0	0.008799654431641102	0.0
staff	0.0028148910496383905	0.0	0.0	0.0	0.0	0.0	0.0	0.0	0.0	0.0	0.005061877425760031	0.0	0.0	0.0	0.0
opportunities	0.002791628474369645	0.0	0.0	0.0	0.0	0.0	0.0	0.0	0.0	0.0	0.0	0.0	0.0	0.0	0.0
professional	0.002756815403699875	0.0	0.0	0.0	0.0	0.0	0.0	0.0	0.0	0.0	0.0	0.0	0.0	0.0	0.0
various	0.0027160984463989735	0.0	0.0	0.0	0.0	0.0	0.0	0.0	0.0	0.0	0.0	0.0	0.0	0.0	0.0
management	0.002667038468644023	0.0	0.0027016496751457453	0.0	0.004011861048638821	0.0	0.0	0.0	0.0	0.0	0.0	0.0	0.0	0.0	0.0
patients	0.0	0.03279641643166542	0.0	0.0	0.0	0.0	0.0	0.0	0.0	0.0	0.0	0.0	0.0	0.0	0.0
cancer	0.0	0.01735549047589302	0.0	0.0029899750370532274	0.0	0.0	0.0	0.0	0.0	0.0	0.0	0.0	0.0	0.0	0.0
treatment	0.0	0.014828845858573914	0.0	0.0	0.0	0.0	0.0	0.0	0.0	0.0	0.0	0.0	0.0	0.0	0.0
study	0.0	0.010392564348876476	0.0	0.0036446957383304834	0.0	0.0	0.0	0.0026145256124436855	0.0	0.0	0.0	0.0037003529723733664	0.008174999617040157	0.01017889566719532	0.0061123869381845
risk	0.0	0.01025340985506773	0.0	0.0	0.0	0.0	0.0	0.0	0.0	0.0	0.0	0.0	0.0	0.0	0.0
disease	0.0	0.009162861853837967	0.0	0.0027845650911331177	0.0	0.0	0.0	0.0	0.0	0.0	0.0	0.0	0.0	0.0	0.0
blood	0.0	0.007472942117601633	0.0	0.0	0.0	0.0	0.0	0.0	0.0	0.0	0.0	0.0	0.0	0.0	0.0
clinical	0.0	0.007372018415480852	0.0	0.002455487847328186	0.0	0.0	0.0	0.0	0.0	0.0	0.0	0.0	0.0	0.0	0.0
liver	0.0	0.006892197299748659	0.0	0.0	0.0	0.0	0.0	0.0	0.0	0.0	0.0	0.0	0.0	0.0	0.0
early	0.0	0.005434660241007805	0.0	0.0	0.0	0.0	0.0	0.0	0.0027999950107187033	0.0	0.0	0.0	0.0	0.0	0.0
diseases	0.0	0.004911968484520912	0.0	0.0036379313096404076	0.0	0.0	0.0	0.0	0.0	0.0	0.0	0.0	0.0	0.0	0.0
surgery	0.0	0.004884118214249611	0.0	0.0	0.0	0.0	0.0	0.0	0.0	0.0	0.0	0.0	0.0	0.0	0.0
stroke	0.0	0.004867508076131344	0.0	0.0	0.0	0.0	0.0	0.0	0.0	0.0	0.0	0.0	0.0	0.0	0.0
medical	0.0	0.0047050644643604755	0.0	0.0022787321358919144	0.003234362695366144	0.0	0.0	0.0	0.0	0.0	0.0	0.0	0.0	0.0	0.0
diabetes	0.0	0.004655191209167242	0.0	0.0	0.0	0.0	0.0	0.0	0.0	0.0	0.0	0.0	0.0	0.0	0.0
screening	0.0	0.00448962626978755	0.0	0.0	0.0	0.0	0.0	0.0	0.0	0.0	0.0	0.0	0.0	0.0	0.0
therapy	0.0	0.004298592917621136	0.0	0.0	0.0	0.0	0.0	0.0	0.0	0.0	0.0	0.0	0.0	0.0	0.0
heart	0.0	0.004144467879086733	0.0	0.0	0.0	0.0	0.0	0.0	0.0	0.0	0.0	0.0	0.0	0.0	0.0
cases	0.0	0.0041115498170256615	0.0	0.0	0.0	0.0	0.0	0.0	0.0	0.0	0.0	0.0	0.0	0.0	0.0
patient	0.0	0.00405722064897418	0.0	0.0	0.0	0.0	0.0	0.0	0.0	0.0	0.0	0.0	0.0	0.0	0.0
symptoms	0.0	0.004055749159306288	0.0	0.0	0.0	0.0	0.0	0.0	0.0	0.0	0.0	0.0	0.0	0.0	0.0
high	0.0	0.003957027103751898	0.0	0.0	0.0	0.0	0.0	0.0	0.0	0.0	0.0	0.002418979536741972	0.003653890686109662	0.0	0.004066186491400003
such	0.0	0.00392625667154789	0.004622006323188543	0.004219414200633764	0.0025726929306983948	0.0	0.003562304424121976	0.0	0.0036095273680984974	0.0	0.0	0.0026981476694345474	0.0	0.0032736912835389376	0.003215280594304204
common	0.0	0.0038621993735432625	0.0	0.0	0.0	0.0	0.0	0.0	0.0	0.0	0.0	0.0	0.0	0.0	0.0
results	0.0	0.0035871006548404694	0.0	0.0	0.0	0.0	0.0	0.003590575885027647	0.0	0.0	0.0	0.0020656357519328594	0.0031224461272358894	0.005618105176836252	0.0033253037836402655
severe	0.0	0.00357586401514709	0.0	0.0	0.0	0.0	0.0	0.0	0.0	0.0	0.0	0.0	0.0	0.0	0.0
drug	0.0	0.0034404019825160503	0.0	0.003479554085060954	0.0	0.0	0.0	0.0	0.0	0.0	0.0	0.0	0.0	0.0	0.0
control	0.0	0.0034075938165187836	0.002657789969816804	0.0	0.0	0.0	0.0	0.0	0.0	0.0	0.0	0.0	0.0	0.0	0.0
surgical	0.0	0.003259548917412758	0.0	0.0	0.0	0.0	0.0	0.0	0.0	0.0	0.0	0.0	0.0	0.0	0.0
population	0.0	0.0031559669878333807	0.0	0.0	0.0	0.0	0.0	0.0	0.0	0.0	0.0	0.0	0.0	0.0	0.0
people	0.0	0.0030859620310366154	0.0	0.0	0.005756978876888752	0.003275001887232065	0.0	0.0	0.0	0.0	0.0	0.0	0.0	0.007083763834089041	0.0
group	0.0	0.0030329336877912283	0.0	0.0	0.0	0.0	0.0	0.0	0.0	0.0	0.0	0.0	0.0	0.004049294162541628	0.0
cause	0.0	0.002863155910745263	0.0	0.0	0.0	0.0	0.0	0.0	0.0	0.0	0.0	0.0	0.0	0.0	0.0
effective	0.0	0.002852028701454401	0.0	0.0	0.0	0.0	0.0	0.0	0.0	0.0	0.0	0.0	0.0	0.0	0.0
health	0.0	0.0027646911330521107	0.0	0.0	0.01376106683164835	0.0	0.0	0.0	0.0	0.0	0.0	0.0	0.0	0.005345050245523453	0.0
team	0.0	0.002759520662948489	0.0033663222566246986	0.012890640646219254	0.0	0.0	0.008506285026669502	0.015595127828419209	0.0	0.0	0.0	0.0	0.0	0.0	0.0038816919550299644
associated	0.0	0.0027526651974767447	0.0	0.0	0.0	0.0	0.0	0.0	0.0	0.0	0.0	0.0	0.0	0.0	0.0
pain	0.0	0.002694673603400588	0.0	0.0	0.0	0.0	0.0	0.0	0.0	0.0	0.0	0.0	0.0	0.0	0.0
test	0.0	0.002689843997359276	0.0	0.0	0.0	0.0	0.0	0.0	0.0	0.0	0.0	0.0	0.0	0.0	0.0
death	0.0	0.002667277120053768	0.0	0.0	0.0	0.0	0.0	0.0	0.0	0.0	0.0	0.0	0.0	0.0	0.0
body	0.0	0.0026462997775524855	0.0	0.0	0.0	0.0	0.0	0.0	0.0	0.0	0.0	0.0	0.0	0.0	0.0
factors	0.0	0.0025467793457210064	0.0	0.0	0.0	0.0	0.0	0.0	0.0	0.0	0.0	0.0	0.0	0.0	0.0
studies	0.0	0.0025458962190896273	0.0	0.0	0.0	0.0	0.0	0.0	0.0	0.0	0.0	0.0	0.0	0.0	0.00249581434763968
age	0.0	0.0024507406633347273	0.0	0.0	0.0	0.0	0.0	0.0	0.0	0.0	0.0	0.0	0.0	0.004387619439512491	0.0
technology	0.0	0.0	0.011502428911626339	0.0	0.0	0.0	0.008720343932509422	0.0	0.0	0.0	0.0	0.0	0.0	0.0	0.0
engineering	0.0	0.0	0.00897267833352089	0.0	0.0	0.0	0.0	0.0	0.0	0.0	0.0	0.0	0.0	0.0	0.0
system	0.0	0.0	0.0068842628970742226	0.0	0.0	0.0	0.014300902374088764	0.0	0.0	0.0	0.0	0.0	0.0	0.0	0.0
projects	0.0	0.0	0.006057223305106163	0.0	0.0026677376590669155	0.0	0.0	0.0	0.0	0.0	0.0	0.0	0.0	0.0	0.0
data	0.0	0.0	0.005904585588723421	0.0	0.0	0.0	0.0	0.0	0.0	0.0	0.0	0.0	0.0	0.0	0.0040571680292487144
systems	0.0	0.0	0.0054120514541864395	0.0	0.0	0.0	0.0	0.0	0.0	0.0	0.0	0.0	0.0	0.0	0.0
information	0.0	0.0	0.005302691366523504	0.0	0.0	0.004025754518806934	0.0	0.0	0.002640519756823778	0.0	0.0	0.0	0.0	0.0030770041048526764	0.0
project	0.0	0.0	0.004876535385847092	0.0	0.004961566999554634	0.0	0.009965636767446995	0.0	0.0	0.0	0.0	0.0029408270493149757	0.0	0.0	0.0
field	0.0	0.0	0.004681369289755821	0.0	0.0	0.0	0.0	0.0	0.0	0.0	0.0	0.0	0.0	0.0	0.0
technologies	0.0	0.0	0.004666096996515989	0.0	0.0	0.0	0.0	0.0	0.0	0.0	0.0	0.0	0.0	0.0	0.0
researchers	0.0	0.0	0.004625493194907904	0.0049516293220222	0.0	0.0	0.006955084390938282	0.0	0.0	0.0	0.0	0.0	0.0	0.0	0.0025411879178136587
science	0.0	0.0	0.004506190773099661	0.0	0.0	0.0	0.0	0.0	0.0	0.0	0.0	0.0	0.0	0.0	0.0
leading	0.0	0.0	0.004258419387042522	0.0026449724100530148	0.0	0.0	0.0	0.0	0.0	0.0	0.0	0.0	0.0	0.0	0.0
areas	0.0	0.0	0.004147774539887905	0.0	0.0	0.0	0.0	0.0	0.0	0.0	0.0	0.0	0.0	0.0	0.0
applications	0.0	0.0	0.004015335813164711	0.0	0.0	0.0	0.0	0.0	0.0	0.0	0.0	0.0	0.0	0.0	0.0
papers	0.0	0.0	0.003795117838308215	0.0	0.0	0.0	0.0	0.0	0.0	0.0	0.0	0.0	0.0	0.0	0.0
urban	0.0	0.0	0.0037487989757210016	0.0	0.0	0.0	0.0	0.0	0.0	0.0	0.0	0.0	0.0	0.0	0.0
number	0.0	0.0	0.003660165471956134	0.0	0.0	0.0	0.0	0.0	0.0	0.0	0.0	0.0	0.0	0.0	0.0
scientific	0.0	0.0	0.0031158537603914738	0.005724707152694464	0.0	0.0	0.0	0.0	0.0	0.0	0.0	0.0	0.0	0.0	0.0
developed	0.0	0.0	0.0030166637152433395	0.0	0.0	0.0	0.009150098077952862	0.0	0.0	0.0	0.0	0.0	0.0	0.0	0.0
published	0.0	0.0	0.0029366505332291126	0.004317503422498703	0.0	0.0	0.0	0.0	0.0	0.0	0.0	0.0	0.0031524549704045057	0.0	0.0
network	0.0	0.0	0.002863821806386113	0.0	0.0	0.0	0.0	0.0	0.0	0.0	0.0	0.0	0.0	0.0	0.0
time	0.0	0.0	0.002781642135232687	0.0	0.0	0.006068335846066475	0.0	0.0031380101572722197	0.0030577389989048243	0.0	0.0	0.0	0.0	0.004077740013599396	0.002356360899284482
software	0.0	0.0	0.002753604669123888	0.0	0.0	0.0	0.0	0.0	0.0	0.0	0.0	0.0	0.0	0.0	0.0
journals	0.0	0.0	0.0027224805671721697	0.0	0.0	0.0	0.0	0.0	0.0	0.0	0.0	0.0	0.0	0.0	0.0
computer	0.0	0.0	0.0026621397119015455	0.0	0.0	0.0	0.0	0.0	0.0	0.0	0.0	0.0	0.0	0.0	0.0
theory	0.0	0.0	0.002613525139167905	0.0	0.0	0.0	0.0	0.0	0.0	0.0	0.0	0.0	0.0	0.0	0.0
quality	0.0	0.0	0.002578047337010503	0.0	0.005696711130440235	0.0	0.0	0.0	0.0	0.0	0.0	0.004700461868196726	0.0	0.0	0.0
monitoring	0.0	0.0	0.0025430177338421345	0.0	0.0	0.0	0.0	0.0	0.0	0.0	0.0	0.0	0.0	0.0	0.0
award	0.0	0.0	0.0025212892796844244	0.0	0.0	0.0	0.0	0.0	0.0	0.0	0.007002856116741896	0.0	0.0	0.0	0.0
sensing	0.0	0.0	0.002512032864615321	0.0	0.0	0.0	0.0	0.0	0.0	0.0	0.0	0.0	0.0	0.0	0.0
area	0.0	0.0	0.002485566074028611	0.0	0.0	0.0	0.0	0.0	0.0	0.0	0.0	0.0	0.0	0.0	0.0
applied	0.0	0.0	0.0024709701538085938	0.0	0.0	0.0	0.0	0.0	0.0	0.0	0.0	0.0	0.0	0.0	0.0
collaboration	0.0	0.0	0.0024586396757513285	0.0	0.0	0.0	0.0	0.0	0.0	0.0	0.0	0.0	0.0	0.0	0.0
human	0.0	0.0	0.0	0.01197147835046053	0.0	0.0	0.0028891952242702246	0.0	0.0	0.0	0.0	0.0	0.0	0.0	0.0
cells	0.0	0.0	0.0	0.011306659318506718	0.0	0.0	0.0	0.0	0.0	0.0	0.0	0.0	0.0	0.0	0.0
genetic	0.0	0.0	0.0	0.0069835251197218895	0.0	0.0	0.0	0.0	0.0	0.0	0.0	0.0	0.0	0.0	0.0
scientists	0.0	0.0	0.0	0.006268551107496023	0.0	0.0	0.0	0.0	0.0	0.0	0.0	0.0	0.0	0.0	0.0
cell	0.0	0.0	0.0	0.005382752511650324	0.0	0.0	0.0	0.0	0.0	0.0	0.0	0.0	0.0	0.0	0.0
molecular	0.0	0.0	0.0	0.005297296214848757	0.0	0.0	0.0	0.0	0.0	0.0	0.0	0.0	0.0	0.0	0.0
work	0.0	0.0	0.0	0.005124943796545267	0.0	0.0	0.0	0.0	0.0	0.0	0.004302662797272205	0.0	0.0	0.0034287027083337307	0.0
novel	0.0	0.0	0.0	0.004311727359890938	0.0	0.0	0.002584457863122225	0.0	0.0	0.0	0.0	0.0	0.0	0.0	0.0
deaf	0.0	0.0	0.0	0.003833950264379382	0.0	0.0	0.0	0.0	0.0	0.0	0.0	0.0	0.0	0.0	0.0
gene	0.0	0.0	0.0	0.0038126048166304827	0.0	0.0	0.0	0.0	0.0	0.0	0.0	0.0	0.0	0.0	0.0
important	0.0	0.0	0.0	0.0037208576686680317	0.0	0.0	0.0	0.0	0.0	0.0	0.0	0.0	0.0041195182129740715	0.0	0.0
discovery	0.0	0.0	0.0	0.003706007730215788	0.0	0.0	0.0	0.0	0.0	0.0	0.0	0.0	0.0	0.0	0.0
genes	0.0	0.0	0.0	0.0036627945955842733	0.0	0.0	0.0	0.0	0.0	0.0	0.0	0.0	0.0	0.0	0.0
protein	0.0	0.0	0.0	0.0036318914499133825	0.0	0.0	0.0	0.0	0.0	0.0	0.0	0.0	0.0	0.0	0.0
biology	0.0	0.0	0.0	0.003624288598075509	0.0	0.0	0.0	0.0	0.0	0.0	0.0	0.0	0.0	0.0	0.0
stem	0.0	0.0	0.0	0.0035984383430331945	0.0	0.0	0.0	0.0	0.0	0.0	0.0	0.0	0.0	0.0	0.0
journal	0.0	0.0	0.0	0.003154041012749076	0.0	0.0	0.0	0.0	0.0	0.0	0.0	0.0	0.0	0.0	0.0
understanding	0.0	0.0	0.0	0.003028187435120344	0.0	0.0	0.0	0.0	0.0	0.0	0.0	0.0	0.0	0.0	0.0
led	0.0	0.0	0.0	0.0030224027577787638	0.0	0.0	0.0	0.0	0.0	0.0	0.0	0.0	0.0	0.0	0.0
sign	0.0	0.0	0.0	0.0028042043559253216	0.0	0.0	0.0	0.0	0.0	0.0	0.0	0.0	0.0	0.0	0.0
chemical	0.0	0.0	0.0	0.0026371947024017572	0.0	0.0	0.0	0.0	0.0	0.0	0.0	0.0	0.0	0.0	0.0
drugs	0.0	0.0	0.0	0.0025456715375185013	0.0	0.0	0.0	0.0	0.0	0.0	0.0	0.0	0.0	0.0	0.0
mechanisms	0.0	0.0	0.0	0.0025283300783485174	0.0	0.0	0.0	0.0	0.0	0.0	0.0	0.0	0.0	0.0	0.0
biological	0.0	0.0	0.0	0.0024441885761916637	0.0	0.0	0.0	0.0	0.0	0.0	0.0	0.0	0.0	0.0	0.0
genome	0.0	0.0	0.0	0.002420800505205989	0.0	0.0	0.0	0.0	0.0	0.0	0.0	0.0	0.0	0.0	0.0
findings	0.0	0.0	0.0	0.0023707428481429815	0.0	0.0	0.0	0.0	0.0	0.0	0.0	0.0	0.004176783375442028	0.004356663208454847	0.0
potential	0.0	0.0	0.0	0.0023675698321312666	0.0	0.0	0.0	0.0	0.0	0.0	0.0	0.0	0.0	0.0	0.0
mechanism	0.0	0.0	0.0	0.0023156977258622646	0.0	0.0	0.0	0.0	0.0	0.0	0.0	0.0	0.0	0.0	0.0
chemistry	0.0	0.0	0.0	0.002286384114995599	0.0	0.0	0.0	0.0	0.0	0.0	0.0	0.0	0.0	0.0	0.0
public	0.0	0.0	0.0	0.0	0.011669972911477089	0.01595292240381241	0.0	0.0	0.006258093286305666	0.0	0.0	0.0	0.003535815281793475	0.0	0.0
social	0.0	0.0	0.0	0.0	0.009135659784078598	0.0	0.0	0.0	0.0	0.0	0.0	0.0	0.0	0.0	0.0
care	0.0	0.0	0.0	0.0	0.008709857240319252	0.0	0.0	0.0	0.0	0.0	0.0	0.0	0.0	0.0	0.0
services	0.0	0.0	0.0	0.0	0.006787936668843031	0.0	0.0	0.0	0.0	0.0036571198143064976	0.0	0.0	0.0	0.0	0.0
elderly	0.0	0.0	0.0	0.0	0.006008870899677277	0.0	0.0	0.0	0.0	0.0	0.0	0.0	0.0	0.0	0.0
life	0.0	0.0	0.0	0.0	0.005563264712691307	0.0	0.0	0.0	0.0	0.0	0.0	0.0	0.0	0.0036430538166314363	0.0
service	0.0	0.0	0.0	0.0	0.005144303198903799	0.0	0.0	0.0	0.0	0.0	0.004003447014838457	0.005736087914556265	0.0	0.0	0.0
environmental	0.0	0.0	0.0	0.0	0.005024631042033434	0.0	0.0	0.0	0.0	0.0	0.0	0.0	0.0	0.0	0.002977683674544096
members	0.0	0.0	0.0	0.0	0.00478211697191	0.0050126672722399235	0.0	0.0027961977757513523	0.0	0.0	0.008841428905725479	0.0	0.0	0.0	0.0
issues	0.0	0.0	0.0	0.0	0.003916725516319275	0.0	0.0	0.0033087527845054865	0.0	0.0	0.0	0.0	0.0	0.0	0.0
environment	0.0	0.0	0.0	0.0	0.0037452082615345716	0.0	0.0	0.0	0.0	0.0	0.0	0.002300250343978405	0.0	0.0	0.0
provide	0.0	0.0	0.0	0.0	0.003713066689670086	0.0	0.0	0.0	0.0	0.0	0.0	0.0	0.0	0.0	0.0
promote	0.0	0.0	0.0	0.0	0.0036946728359907866	0.0	0.0	0.0	0.0	0.0	0.0	0.0	0.0	0.0	0.0
sustainable	0.0	0.0	0.0	0.0	0.0036547137424349785	0.0	0.0	0.0	0.0	0.0	0.0	0.0	0.0	0.0	0.0
society	0.0	0.0	0.0	0.0	0.0033348926808685064	0.0	0.0	0.0	0.0	0.0	0.003739407751709223	0.0	0.0	0.0	0.0
participants	0.0	0.0	0.0	0.0	0.0033014442306011915	0.0	0.0	0.0	0.0	0.0	0.0	0.0	0.0	0.0	0.0
government	0.0	0.0	0.0	0.0	0.0032438274938613176	0.0	0.0	0.006620808504521847	0.0	0.0	0.0	0.0	0.0	0.0	0.0
help	0.0	0.0	0.0	0.0	0.0030699516646564007	0.0	0.0	0.0	0.0	0.0	0.0	0.0	0.0	0.003718630876392126	0.0
different	0.0	0.0	0.0	0.0	0.003026185557246208	0.0	0.005119450856000185	0.0030679793562740088	0.0029795467853546143	0.0	0.0	0.0	0.0	0.0	0.0
experts	0.0	0.0	0.0	0.0	0.0030006004963070154	0.0	0.0	0.0	0.0	0.0	0.0	0.0	0.0	0.0	0.0
future	0.0	0.0	0.0	0.0	0.0028992043808102608	0.0	0.0	0.0	0.0	0.0	0.0	0.0	0.003258742159232497	0.0	0.0
professionals	0.0	0.0	0.0	0.0	0.0028733734507113695	0.0	0.0	0.0	0.0	0.0	0.0	0.0	0.0	0.0	0.0
needs	0.0	0.0	0.0	0.0	0.0028349284548312426	0.0	0.0	0.0	0.0	0.0	0.0	0.0	0.0	0.0	0.0
policy	0.0	0.0	0.0	0.0	0.0027756844647228718	0.0	0.0	0.004307613242417574	0.0	0.0	0.0	0.0	0.0	0.0	0.0
awareness	0.0	0.0	0.0	0.0	0.002748629078269005	0.0	0.0	0.0	0.0	0.0	0.0	0.0	0.0	0.0	0.0
aims	0.0	0.0	0.0	0.0	0.0027274966705590487	0.0	0.0	0.0	0.0	0.0	0.0	0.0	0.0	0.0	0.0
green	0.0	0.0	0.0	0.0	0.002706658560782671	0.0	0.0	0.0	0.0	0.0	0.0	0.0	0.0	0.0	0.0022865531500428915
change	0.0	0.0	0.0	0.0	0.0026903750840574503	0.0	0.0	0.0	0.0	0.0	0.0	0.0	0.0	0.0	0.0
nursing	0.0	0.0	0.0	0.0	0.0025478305760771036	0.0	0.0	0.0	0.0	0.0	0.0	0.0	0.0	0.0	0.0
lecture	0.0	0.0	0.0	0.0	0.0	0.018906034529209137	0.0	0.0	0.0	0.0	0.0	0.0	0.0	0.0	0.0
please	0.0	0.0	0.0	0.0	0.0	0.01301533542573452	0.0	0.0	0.003274524351581931	0.0	0.005418097600340843	0.0	0.0	0.0	0.0
http	0.0	0.0	0.0	0.0	0.0	0.01011473499238491	0.0	0.0	0.0026790276169776917	0.0	0.0	0.0	0.0	0.0	0.0
details	0.0	0.0	0.0	0.0	0.0	0.010041013360023499	0.0	0.0	0.0032985422294586897	0.0	0.0	0.0	0.0	0.0	0.0
series	0.0	0.0	0.0	0.0	0.0	0.008504962548613548	0.0	0.0	0.0	0.0	0.0	0.0	0.0	0.0	0.0
visit	0.0	0.0	0.0	0.0	0.0	0.00835209060460329	0.0	0.0	0.0	0.0	0.0	0.0	0.0	0.0	0.0
lectures	0.0	0.0	0.0	0.0	0.0	0.008302167057991028	0.0	0.0	0.0	0.0	0.0	0.0	0.0	0.0	0.0
held	0.0	0.0	0.0	0.0	0.0	0.0077560595236718655	0.00287943915463984	0.0	0.003517903620377183	0.0	0.0	0.0	0.0	0.0	0.0
invited	0.0	0.0	0.0	0.0	0.0	0.007538255769759417	0.0	0.0	0.0	0.0	0.0	0.0	0.0	0.0	0.0
conference	0.0	0.0	0.0	0.0	0.0	0.007380462251603603	0.0	0.0	0.0	0.0	0.0	0.0	0.0	0.0	0.0
enquiries	0.0	0.0	0.0	0.0	0.0	0.007336371578276157	0.0	0.0	0.0	0.0	0.004455490503460169	0.0	0.0	0.0	0.0
contact	0.0	0.0	0.0	0.0	0.0	0.006890225689858198	0.0	0.0	0.0	0.0	0.004161524120718241	0.0	0.0	0.0	0.004361941944807768
website	0.0	0.0	0.0	0.0	0.0	0.006066929083317518	0.0	0.0	0.0	0.0	0.0	0.0	0.0	0.0	0.0
scholars	0.0	0.0	0.0	0.0	0.0	0.005956158973276615	0.0	0.0	0.0	0.0	0.0	0.0	0.0	0.0	0.0
pm	0.0	0.0	0.0	0.0	0.0	0.0058408472687006	0.0	0.0	0.0	0.0	0.0	0.0	0.0	0.0	0.0
share	0.0	0.0	0.0	0.0	0.0	0.005331254098564386	0.0	0.0	0.0	0.0	0.0	0.0	0.0	0.0	0.0
p.m.	0.0	0.0	0.0	0.0	0.0	0.004953576251864433	0.0	0.0	0.0	0.0	0.0	0.0	0.0	0.0	0.0
welcome	0.0	0.0	0.0	0.0	0.0	0.004721194040030241	0.0	0.0	0.0	0.0	0.0	0.0	0.0	0.0	0.0
free	0.0	0.0	0.0	0.0	0.0	0.004562353249639273	0.0	0.0	0.0037177279591560364	0.0	0.0	0.0	0.0	0.0	0.0
talk	0.0	0.0	0.0	0.0	0.0	0.004443271551281214	0.0	0.0	0.0	0.0	0.0	0.0	0.0	0.0	0.0
music	0.0	0.0	0.0	0.0	0.0	0.004293050151318312	0.0	0.0	0.0	0.0	0.0	0.0	0.0	0.0	0.0
follows	0.0	0.0	0.0	0.0	0.0	0.004283508751541376	0.0	0.0	0.0	0.0	0.0	0.0	0.0	0.0	0.0
book	0.0	0.0	0.0	0.0	0.0	0.004279430024325848	0.0	0.0	0.0	0.0	0.0	0.0	0.0	0.0	0.0
media	0.0	0.0	0.0	0.0	0.0	0.00395531440153718	0.0	0.0	0.0	0.0	0.004273308906704187	0.0	0.0	0.0	0.0
speakers	0.0	0.0	0.0	0.0	0.0	0.003878649091348052	0.0	0.0	0.0	0.0	0.0	0.0	0.0	0.0	0.0
email	0.0	0.0	0.0	0.0	0.0	0.003818515222519636	0.0	0.0	0.0	0.0	0.006504453253000975	0.0	0.0	0.0	0.0
give	0.0	0.0	0.0	0.0	0.0	0.0037999586202204227	0.0	0.0	0.0	0.0	0.0	0.0	0.0	0.0	0.0
cultural	0.0	0.0	0.0	0.0	0.0	0.0037918405141681433	0.0	0.0	0.004505958408117294	0.0	0.0	0.0	0.0	0.0	0.0
available	0.0	0.0	0.0	0.0	0.0	0.003744624787941575	0.0	0.0	0.0	0.0	0.0	0.0	0.0	0.0	0.0
present	0.0	0.0	0.0	0.0	0.0	0.003701996523886919	0.0	0.0	0.0028040665201842785	0.0	0.0	0.0	0.0	0.0	0.0
audience	0.0	0.0	0.0	0.0	0.0	0.003648654790595174	0.0	0.0	0.0	0.0	0.0	0.0	0.0	0.0	0.0
arts	0.0	0.0	0.0	0.0	0.0	0.0036079317796975374	0.0	0.0	0.0	0.0	0.0	0.0	0.0	0.0	0.0
venue	0.0	0.0	0.0	0.0	0.0	0.0036046458408236504	0.0	0.0	0.0	0.0	0.0	0.0	0.0	0.0	0.0
registration	0.0	0.0	0.0	0.0	0.0	0.0033913340885192156	0.0	0.0	0.0	0.0	0.0	0.0	0.0	0.0	0.0
hold	0.0	0.0	0.0	0.0	0.0	0.003319494891911745	0.0	0.0	0.0	0.0	0.0	0.0	0.0	0.0	0.0
space	0.0	0.0	0.0	0.0	0.0	0.0	0.00811538565903902	0.0	0.0	0.0	0.0	0.0	0.0	0.0	0.0
device	0.0	0.0	0.0	0.0	0.0	0.0	0.006853142753243446	0.0	0.0	0.0	0.0	0.0	0.0	0.0	0.0
special	0.0	0.0	0.0	0.0	0.0	0.0	0.005607410334050655	0.0	0.0	0.0	0.0	0.0	0.0	0.0	0.0
products	0.0	0.0	0.0	0.0	0.0	0.0	0.004717065487056971	0.0	0.0	0.0	0.0	0.005233928561210632	0.0	0.0	0.0
using	0.0	0.0	0.0	0.0	0.0	0.0	0.00461446912959218	0.0	0.0	0.0	0.0	0.0	0.0	0.0	0.0
materials	0.0	0.0	0.0	0.0	0.0	0.0	0.004515368957072496	0.0	0.0	0.0	0.0	0.0	0.0	0.0	0.0
process	0.0	0.0	0.0	0.0	0.0	0.0	0.004474489483982325	0.0	0.0	0.0	0.0	0.0	0.0	0.0	0.0
gold	0.0	0.0	0.0	0.0	0.0	0.0	0.0040291184559464455	0.0	0.0	0.0	0.0	0.0	0.0	0.0	0.0
designed	0.0	0.0	0.0	0.0	0.0	0.0	0.0038469412829726934	0.0	0.0	0.0	0.0	0.0	0.0	0.0	0.0
production	0.0	0.0	0.0	0.0	0.0	0.0	0.003663722425699234	0.0	0.0	0.0	0.0	0.0	0.0	0.0	0.0
fabric	0.0	0.0	0.0	0.0	0.0	0.0	0.0036502203438431025	0.0	0.0	0.0	0.0	0.0	0.0	0.0	0.0
innovative	0.0	0.0	0.0	0.0	0.0	0.0	0.0035845309030264616	0.0	0.0	0.0	0.0	0.0	0.0	0.0	0.0
electrical	0.0	0.0	0.0	0.0	0.0	0.0	0.003346363315358758	0.0	0.0	0.0	0.0	0.0	0.0	0.0	0.0
memory	0.0	0.0	0.0	0.0	0.0	0.0	0.0033143064938485622	0.0	0.0	0.0	0.0	0.0	0.0	0.0	0.0
textile	0.0	0.0	0.0	0.0	0.0	0.0	0.0032696439884603024	0.0	0.0	0.0	0.0	0.0	0.0	0.0	0.0
construction	0.0	0.0	0.0	0.0	0.0	0.0	0.0029901484958827496	0.0	0.0	0.0	0.0	0.0	0.0	0.0	0.0
tool	0.0	0.0	0.0	0.0	0.0	0.0	0.002969185821712017	0.0	0.0	0.0	0.0	0.0	0.0	0.0	0.0
surface	0.0	0.0	0.0	0.0	0.0	0.0	0.0029354840517044067	0.0	0.0	0.0	0.0	0.0	0.0	0.0	0.0
invention	0.0	0.0	0.0	0.0	0.0	0.0	0.0027947830967605114	0.0	0.0	0.0	0.0	0.0	0.0	0.0	0.0
method	0.0	0.0	0.0	0.0	0.0	0.0	0.002619108883664012	0.0	0.0	0.0	0.0	0.0	0.0	0.0	0.0
making	0.0	0.0	0.0	0.0	0.0	0.0	0.0025800035800784826	0.0	0.0	0.0	0.0	0.0	0.0	0.0	0.0
shape	0.0	0.0	0.0	0.0	0.0	0.0	0.0025229754392057657	0.0	0.0	0.0	0.0	0.0	0.0	0.0	0.0
winning	0.0	0.0	0.0	0.0	0.0	0.0	0.0025079543702304363	0.0	0.0	0.0	0.0	0.0	0.0	0.0	0.0
examination	0.0	0.0	0.0	0.0	0.0	0.0	0.0024535120464861393	0.0	0.0	0.0	0.0	0.0	0.0	0.0	0.0
fabrics	0.0	0.0	0.0	0.0	0.0	0.0	0.0024084965698421	0.0	0.0	0.0	0.0	0.0	0.0	0.0	0.0
images	0.0	0.0	0.0	0.0	0.0	0.0	0.002405961509793997	0.0	0.0	0.0	0.0	0.0	0.0	0.0	0.0
water	0.0	0.0	0.0	0.0	0.0	0.0	0.0023802199866622686	0.0	0.0	0.0	0.0	0.003656711196526885	0.0	0.0	0.0035498319193720818
sophisticated	0.0	0.0	0.0	0.0	0.0	0.0	0.002374949399381876	0.0	0.0	0.0	0.0	0.0	0.0	0.0	0.0
platform	0.0	0.0	0.0	0.0	0.0	0.0	0.002374915638938546	0.0	0.0	0.0	0.0	0.0	0.0	0.0	0.0
breakthrough	0.0	0.0	0.0	0.0	0.0	0.0	0.002353646093979478	0.0	0.0	0.0	0.0	0.0	0.0	0.0	0.0
workers	0.0	0.0	0.0	0.0	0.0	0.0	0.0023328757379204035	0.0	0.0	0.0	0.0	0.0	0.0	0.0	0.0
lunar	0.0	0.0	0.0	0.0	0.0	0.0	0.0023048471193760633	0.0	0.0	0.0	0.0	0.0	0.0	0.0	0.0
law	0.0	0.0	0.0	0.0	0.0	0.0	0.0	0.011410551145672798	0.0	0.0	0.0	0.0	0.0	0.0	0.0
competition	0.0	0.0	0.0	0.0	0.0	0.0	0.0	0.00929398275911808	0.0	0.0	0.0	0.0	0.0	0.0	0.0
teams	0.0	0.0	0.0	0.0	0.0	0.0	0.0	0.008663308806717396	0.0	0.0	0.0	0.0	0.0	0.0	0.0
legal	0.0	0.0	0.0	0.0	0.0	0.0	0.0	0.008266028948128223	0.0	0.0	0.0	0.0	0.0	0.0	0.0
respondents	0.0	0.0	0.0	0.0	0.0	0.0	0.0	0.008040253072977066	0.0	0.0	0.0	0.0	0.013076161965727806	0.009159089997410774	0.0
financial	0.0	0.0	0.0	0.0	0.0	0.0	0.0	0.007622542791068554	0.0	0.0	0.0	0.0	0.0	0.0	0.0
economic	0.0	0.0	0.0	0.0	0.0	0.0	0.0	0.006255374755710363	0.0	0.007410254329442978	0.0	0.0	0.005086907651275396	0.0	0.0
political	0.0	0.0	0.0	0.0	0.0	0.0	0.0	0.005479603540152311	0.0	0.0	0.0	0.0	0.0	0.0	0.0
month	0.0	0.0	0.0	0.0	0.0	0.0	0.0	0.004875590559095144	0.0	0.0	0.0	0.0	0.0	0.0	0.0
major	0.0	0.0	0.0	0.0	0.0	0.0	0.0	0.004621452186256647	0.0	0.0	0.0	0.0	0.0	0.0	0.0
current	0.0	0.0	0.0	0.0	0.0	0.0	0.0	0.004561582114547491	0.0	0.009717680513858795	0.0	0.0	0.0	0.0	0.0
survey	0.0	0.0	0.0	0.0	0.0	0.0	0.0	0.004298781976103783	0.0	0.0	0.0	0.0035800416953861713	0.022376224398612976	0.00769162317737937	0.0
level	0.0	0.0	0.0	0.0	0.0	0.0	0.0	0.004181727766990662	0.0	0.0	0.0	0.0027099079452455044	0.0027280794456601143	0.004554207902401686	0.0
countries	0.0	0.0	0.0	0.0	0.0	0.0	0.0	0.004016905557364225	0.0	0.0	0.0	0.0023557681124657393	0.0	0.0	0.0
in-between	0.0	0.0	0.0	0.0	0.0	0.0	0.0	0.0038127454463392496	0.0	0.0	0.0	0.0	0.0	0.0	0.0
figures	0.0	0.0	0.0	0.0	0.0	0.0	0.0	0.003760425141081214	0.0	0.0	0.0	0.0	0.0	0.0	0.0
report	0.0	0.0	0.0	0.0	0.0	0.0	0.0	0.0036161483731120825	0.0	0.0	0.0	0.0	0.0	0.0	0.0
panel	0.0	0.0	0.0	0.0	0.0	0.0	0.0	0.00354350870475173	0.0	0.0	0.0	0.0	0.0	0.0	0.0
market	0.0	0.0	0.0	0.0	0.0	0.0	0.0	0.0035387512762099504	0.0	0.0040782722644507885	0.0	0.0	0.0066413432359695435	0.0	0.0
rating	0.0	0.0	0.0	0.0	0.0	0.0	0.0	0.0035002012737095356	0.0	0.0	0.0	0.0	0.0	0.0	0.0
sports	0.0	0.0	0.0	0.0	0.0	0.0	0.0	0.0033828464802354574	0.0	0.0	0.0	0.0	0.0	0.0	0.0
governance	0.0	0.0	0.0	0.0	0.0	0.0	0.0	0.0032924674451351166	0.0	0.0	0.0	0.0	0.0	0.0	0.0
trust	0.0	0.0	0.0	0.0	0.0	0.0	0.0	0.0032729199156165123	0.0	0.0	0.0	0.0	0.0	0.0	0.0
significant	0.0	0.0	0.0	0.0	0.0	0.0	0.0	0.0032312411349266768	0.0	0.0	0.0038192272186279297	0.0	0.0	0.0	0.0
response	0.0	0.0	0.0	0.0	0.0	0.0	0.0	0.0028914727736264467	0.0	0.0	0.0	0.0	0.0	0.0	0.0
review	0.0	0.0	0.0	0.0	0.0	0.0	0.0	0.0028059901669621468	0.0	0.0	0.0	0.0	0.0	0.0	0.0
performance	0.0	0.0	0.0	0.0	0.0	0.0	0.0	0.002753293141722679	0.0	0.0	0.0	0.0035510242450982332	0.0	0.0033253319561481476	0.0
final	0.0	0.0	0.0	0.0	0.0	0.0	0.0	0.0027477918192744255	0.0	0.0	0.0	0.0	0.0	0.0	0.0
asian	0.0	0.0	0.0	0.0	0.0	0.0	0.0	0.0026838683988898993	0.0	0.0	0.0	0.0	0.0	0.0	0.0
role	0.0	0.0	0.0	0.0	0.0	0.0	0.0	0.0026787498500198126	0.0	0.0	0.0	0.0	0.0	0.0	0.0
meeting	0.0	0.0	0.0	0.0	0.0	0.0	0.0	0.0026340961921960115	0.0	0.0	0.0	0.0	0.0	0.0	0.0
parties	0.0	0.0	0.0	0.0	0.0	0.0	0.0	0.0026299534365534782	0.0	0.0	0.0	0.0	0.0	0.0	0.0
last	0.0	0.0	0.0	0.0	0.0	0.0	0.0	0.0026141591370105743	0.0	0.00755036948248744	0.0	0.0	0.011900803074240685	0.0	0.0
exhibition	0.0	0.0	0.0	0.0	0.0	0.0	0.0	0.0	0.030484188348054886	0.0	0.0	0.0	0.0	0.0	0.0
language	0.0	0.0	0.0	0.0	0.0	0.0	0.0	0.0	0.01427781954407692	0.0	0.0	0.0	0.0	0.0	0.0
art	0.0	0.0	0.0	0.0	0.0	0.0	0.0	0.0	0.010029109194874763	0.0	0.0	0.0	0.0	0.0	0.0
works	0.0	0.0	0.0	0.0	0.0	0.0	0.0	0.0	0.0065516275353729725	0.0	0.0	0.0	0.0	0.0	0.0
conservation	0.0	0.0	0.0	0.0	0.0	0.0	0.0	0.0	0.00607342878356576	0.0	0.0	0.0	0.0	0.0	0.0
collection	0.0	0.0	0.0	0.0	0.0	0.0	0.0	0.0	0.00583651615306735	0.0	0.0	0.0	0.0	0.0	0.0
opening	0.0	0.0	0.0	0.0	0.0	0.0	0.0	0.0	0.005671501159667969	0.0	0.0	0.0	0.0	0.0	0.0
culture	0.0	0.0	0.0	0.0	0.0	0.0	0.0	0.0	0.005441140849143267	0.0	0.0	0.0	0.0	0.0	0.0
display	0.0	0.0	0.0	0.0	0.0	0.0	0.0	0.0	0.005398509558290243	0.0	0.0	0.0	0.0	0.0	0.0
hku.hk	0.0	0.0	0.0	0.0	0.0	0.0	0.0	0.0	0.005195734556764364	0.0	0.0078286062926054	0.0	0.0	0.0	0.0
history	0.0	0.0	0.0	0.0	0.0	0.0	0.0	0.0	0.004602685570716858	0.0	0.0	0.0	0.0	0.0	0.0
species	0.0	0.0	0.0	0.0	0.0	0.0	0.0	0.0	0.004513444844633341	0.0	0.0	0.0	0.0	0.0	0.0
artists	0.0	0.0	0.0	0.0	0.0	0.0	0.0	0.0	0.004418944474309683	0.0	0.0	0.0	0.0	0.0	0.0
painting	0.0	0.0	0.0	0.0	0.0	0.0	0.0	0.0	0.004246779251843691	0.0	0.0	0.0	0.0	0.0	0.0
paintings	0.0	0.0	0.0	0.0	0.0	0.0	0.0	0.0	0.0041365912184119225	0.0	0.0	0.0	0.0	0.0	0.0
children	0.0	0.0	0.0	0.0	0.0	0.0	0.0	0.0	0.004045981448143721	0.0	0.0	0.0	0.0	0.012511730194091797	0.010497398674488068
tree	0.0	0.0	0.0	0.0	0.0	0.0	0.0	0.0	0.004020821303129196	0.0	0.0	0.0	0.0	0.0	0.0
japanese	0.0	0.0	0.0	0.0	0.0	0.0	0.0	0.0	0.003947805613279343	0.0	0.0	0.0	0.0	0.0	0.0
fish	0.0	0.0	0.0	0.0	0.0	0.0	0.0	0.0	0.0033749411813914776	0.0	0.0	0.0	0.0	0.0	0.0
reading	0.0	0.0	0.0	0.0	0.0	0.0	0.0	0.0	0.0032213134691119194	0.0	0.0	0.0	0.0	0.0	0.007607792504131794
museum	0.0	0.0	0.0	0.0	0.0	0.0	0.0	0.0	0.003214737167581916	0.0	0.0	0.0	0.0	0.0	0.0
visitors	0.0	0.0	0.0	0.0	0.0	0.0	0.0	0.0	0.003174086567014456	0.0	0.0	0.002104627201333642	0.0	0.0	0.0
period	0.0	0.0	0.0	0.0	0.0	0.0	0.0	0.0	0.0029586602468043566	0.004548788070678711	0.0	0.0	0.0	0.0	0.0
contemporary	0.0	0.0	0.0	0.0	0.0	0.0	0.0	0.0	0.002865466522052884	0.0	0.0	0.0	0.0	0.0	0.0
artist	0.0	0.0	0.0	0.0	0.0	0.0	0.0	0.0	0.002757681766524911	0.0	0.0	0.0	0.0	0.0	0.0
calligraphy	0.0	0.0	0.0	0.0	0.0	0.0	0.0	0.0	0.002737519098445773	0.0	0.0	0.0	0.0	0.0	0.0
visual	0.0	0.0	0.0	0.0	0.0	0.0	0.0	0.0	0.0026845894753932953	0.0	0.0	0.0	0.0	0.0	0.0
hours	0.0	0.0	0.0	0.0	0.0	0.0	0.0	0.0	0.0026724955532699823	0.0	0.0	0.0	0.0	0.0	0.0
ancient	0.0	0.0	0.0	0.0	0.0	0.0	0.0	0.0	0.002658999990671873	0.0	0.0	0.0	0.0	0.0	0.0
artistic	0.0	0.0	0.0	0.0	0.0	0.0	0.0	0.0	0.002653303323313594	0.0	0.0	0.0	0.0	0.0	0.0
characters	0.0	0.0	0.0	0.0	0.0	0.0	0.0	0.0	0.0026486804708838463	0.0	0.0	0.0	0.0	0.0	0.0
written	0.0	0.0	0.0	0.0	0.0	0.0	0.0	0.0	0.002636723918840289	0.0	0.0	0.0	0.0	0.0	0.0
linguistics	0.0	0.0	0.0	0.0	0.0	0.0	0.0	0.0	0.0026046272832900286	0.0	0.0	0.0	0.0	0.0	0.0
growth	0.0	0.0	0.0	0.0	0.0	0.0	0.0	0.0	0.0	0.02898070402443409	0.0	0.0	0.0	0.0	0.0
quarter	0.0	0.0	0.0	0.0	0.0	0.0	0.0	0.0	0.0	0.016697388142347336	0.0	0.0	0.0	0.0	0.0
forecast	0.0	0.0	0.0	0.0	0.0	0.0	0.0	0.0	0.0	0.01587582938373089	0.0	0.0	0.0	0.0	0.0
rate	0.0	0.0	0.0	0.0	0.0	0.0	0.0	0.0	0.0	0.015389928594231606	0.0	0.0	0.006646554917097092	0.0	0.0
estimated	0.0	0.0	0.0	0.0	0.0	0.0	0.0	0.0	0.0	0.012092760764062405	0.0	0.0	0.0	0.0	0.0
increase	0.0	0.0	0.0	0.0	0.0	0.0	0.0	0.0	0.0	0.01109697949141264	0.0	0.0020309733226895332	0.002940467558801174	0.0	0.004165902733802795
grow	0.0	0.0	0.0	0.0	0.0	0.0	0.0	0.0	0.0	0.010457129217684269	0.0	0.0	0.0	0.0	0.0
exports	0.0	0.0	0.0	0.0	0.0	0.0	0.0	0.0	0.0	0.008524490520358086	0.0	0.0	0.0	0.0	0.0
expected	0.0	0.0	0.0	0.0	0.0	0.0	0.0	0.0	0.0	0.008343088440597057	0.0	0.0	0.002730470849201083	0.0	0.0
real	0.0	0.0	0.0	0.0	0.0	0.0	0.0	0.0	0.0	0.008145978674292564	0.0	0.0	0.0	0.0	0.0
goods	0.0	0.0	0.0	0.0	0.0	0.0	0.0	0.0	0.0	0.008144434541463852	0.0	0.0	0.0	0.0	0.0
projected	0.0	0.0	0.0	0.0	0.0	0.0	0.0	0.0	0.0	0.007621263153851032	0.0	0.0	0.0	0.0	0.0
economy	0.0	0.0	0.0	0.0	0.0	0.0	0.0	0.0	0.0	0.007402324583381414	0.0	0.0	0.0	0.0	0.0
demand	0.0	0.0	0.0	0.0	0.0	0.0	0.0	0.0	0.0	0.006469246931374073	0.0	0.0	0.0	0.0	0.0
compared	0.0	0.0	0.0	0.0	0.0	0.0	0.0	0.0	0.0	0.00613695802167058	0.0	0.0	0.002786862663924694	0.0	0.0
unemployment	0.0	0.0	0.0	0.0	0.0	0.0	0.0	0.0	0.0	0.006062507163733244	0.0	0.0	0.0	0.0	0.0
whole	0.0	0.0	0.0	0.0	0.0	0.0	0.0	0.0	0.0	0.005902398377656937	0.0	0.0	0.0	0.0	0.0
second	0.0	0.0	0.0	0.0	0.0	0.0	0.0	0.0	0.0	0.00578573951497674	0.0	0.0	0.0	0.0	0.0
investment	0.0	0.0	0.0	0.0	0.0	0.0	0.0	0.0	0.0	0.005560204386711121	0.0	0.0	0.0	0.0	0.0
months	0.0	0.0	0.0	0.0	0.0	0.0	0.0	0.0	0.0	0.0053986781276762486	0.0	0.0	0.003639601171016693	0.0	0.0
consumption	0.0	0.0	0.0	0.0	0.0	0.0	0.0	0.0	0.0	0.005314234644174576	0.0	0.0	0.0	0.0	0.0
spending	0.0	0.0	0.0	0.0	0.0	0.0	0.0	0.0	0.0	0.00527935428544879	0.0	0.0021177148446440697	0.0	0.0	0.0
inflation	0.0	0.0	0.0	0.0	0.0	0.0	0.0	0.0	0.0	0.005188645329326391	0.0	0.0	0.0	0.0	0.0
half	0.0	0.0	0.0	0.0	0.0	0.0	0.0	0.0	0.0	0.005119701847434044	0.0	0.0	0.0	0.0	0.0
imports	0.0	0.0	0.0	0.0	0.0	0.0	0.0	0.0	0.0	0.004975530784577131	0.0	0.0	0.0	0.0	0.0
due	0.0	0.0	0.0	0.0	0.0	0.0	0.0	0.0	0.0	0.004764046519994736	0.0	0.0	0.0	0.0	0.0
same	0.0	0.0	0.0	0.0	0.0	0.0	0.0	0.0	0.0	0.004685229156166315	0.0	0.0	0.003064194228500128	0.0	0.0
forecasts	0.0	0.0	0.0	0.0	0.0	0.0	0.0	0.0	0.0	0.00467681372538209	0.0	0.0	0.0	0.0	0.0
percentage	0.0	0.0	0.0	0.0	0.0	0.0	0.0	0.0	0.0	0.00462123891338706	0.0	0.0	0.0	0.0	0.0
total	0.0	0.0	0.0	0.0	0.0	0.0	0.0	0.0	0.0	0.004461891949176788	0.0	0.0	0.0	0.0	0.0
table	0.0	0.0	0.0	0.0	0.0	0.0	0.0	0.0	0.0	0.004448406398296356	0.0	0.0	0.0	0.0028193423058837652	0.0
drop	0.0	0.0	0.0	0.0	0.0	0.0	0.0	0.0	0.0	0.004402327351272106	0.0	0.0	0.0	0.0	0.0
consumer	0.0	0.0	0.0	0.0	0.0	0.0	0.0	0.0	0.0	0.004354042932391167	0.0	0.0	0.0	0.0	0.0
fall	0.0	0.0	0.0	0.0	0.0	0.0	0.0	0.0	0.0	0.004317532293498516	0.0	0.0	0.0	0.0	0.0
external	0.0	0.0	0.0	0.0	0.0	0.0	0.0	0.0	0.0	0.004285873845219612	0.0	0.0	0.0	0.0	0.0
rates	0.0	0.0	0.0	0.0	0.0	0.0	0.0	0.0	0.0	0.00414530374109745	0.0	0.0	0.0	0.0	0.0
quarterly	0.0	0.0	0.0	0.0	0.0	0.0	0.0	0.0	0.0	0.003950223792344332	0.0	0.0	0.0	0.0	0.0
private	0.0	0.0	0.0	0.0	0.0	0.0	0.0	0.0	0.0	0.003927680663764477	0.0	0.0	0.0	0.0	0.0
continue	0.0	0.0	0.0	0.0	0.0	0.0	0.0	0.0	0.0	0.003894768888130784	0.0	0.0	0.0	0.0	0.0
basis	0.0	0.0	0.0	0.0	0.0	0.0	0.0	0.0	0.0	0.0038425768725574017	0.0	0.0	0.0	0.0	0.0
sales	0.0	0.0	0.0	0.0	0.0	0.0	0.0	0.0	0.0	0.003463160712271929	0.0	0.0	0.0	0.0	0.0
contributions	0.0	0.0	0.0	0.0	0.0	0.0	0.0	0.0	0.0	0.0	0.013252434320747852	0.0	0.0	0.0	0.0
member	0.0	0.0	0.0	0.0	0.0	0.0	0.0	0.0	0.0	0.0	0.009551411494612694	0.0	0.0	0.0	0.0
recognition	0.0	0.0	0.0	0.0	0.0	0.0	0.0	0.0	0.0	0.0	0.00888682622462511	0.0	0.0	0.0	0.0
degree	0.0	0.0	0.0	0.0	0.0	0.0	0.0	0.0	0.0	0.0	0.008802463300526142	0.0	0.0	0.0	0.0023102820850908756
outstanding	0.0	0.0	0.0	0.0	0.0	0.0	0.0	0.0	0.0	0.0	0.00834574643522501	0.0	0.0	0.0	0.0
distinguished	0.0	0.0	0.0	0.0	0.0	0.0	0.0	0.0	0.0	0.0	0.00819392316043377	0.0	0.0	0.0	0.0
tel	0.0	0.0	0.0	0.0	0.0	0.0	0.0	0.0	0.0	0.0	0.007793583441525698	0.0	0.0	0.0	0.0
many	0.0	0.0	0.0	0.0	0.0	0.0	0.0	0.0	0.0	0.0	0.006941476371139288	0.0	0.0	0.0	0.0
awarded	0.0	0.0	0.0	0.0	0.0	0.0	0.0	0.0	0.0	0.0	0.006121107842773199	0.0	0.0	0.0	0.0
honorary	0.0	0.0	0.0	0.0	0.0	0.0	0.0	0.0	0.0	0.0	0.005473879631608725	0.0	0.0	0.0	0.0
appointed	0.0	0.0	0.0	0.0	0.0	0.0	0.0	0.0	0.0	0.0	0.005384400486946106	0.0	0.0	0.0	0.0
awards	0.0	0.0	0.0	0.0	0.0	0.0	0.0	0.0	0.0	0.0	0.004759117960929871	0.0	0.0	0.0	0.0
achievements	0.0	0.0	0.0	0.0	0.0	0.0	0.0	0.0	0.0	0.0	0.004663767758756876	0.0	0.0	0.0	0.0
conferred	0.0	0.0	0.0	0.0	0.0	0.0	0.0	0.0	0.0	0.0	0.004541682545095682	0.0	0.0	0.0	0.0
served	0.0	0.0	0.0	0.0	0.0	0.0	0.0	0.0	0.0	0.0	0.004404057282954454	0.0	0.0	0.0	0.0
donation	0.0	0.0	0.0	0.0	0.0	0.0	0.0	0.0	0.0	0.0	0.00421172846108675	0.0	0.0	0.0	0.0
causa	0.0	0.0	0.0	0.0	0.0	0.0	0.0	0.0	0.0	0.0	0.003972702659666538	0.0	0.0	0.0	0.0
honour	0.0	0.0	0.0	0.0	0.0	0.0	0.0	0.0	0.0	0.0	0.0039006290026009083	0.0	0.0	0.0	0.0
established	0.0	0.0	0.0	0.0	0.0	0.0	0.0	0.0	0.0	0.0	0.003854314796626568	0.0	0.0	0.0	0.0
degrees	0.0	0.0	0.0	0.0	0.0	0.0	0.0	0.0	0.0	0.0	0.003823318053036928	0.0	0.0	0.0	0.0
appointment	0.0	0.0	0.0	0.0	0.0	0.0	0.0	0.0	0.0	0.0	0.0035454940516501665	0.0	0.0	0.0	0.0
food	0.0	0.0	0.0	0.0	0.0	0.0	0.0	0.0	0.0	0.0	0.0	0.01705203391611576	0.0	0.0	0.0
brand	0.0	0.0	0.0	0.0	0.0	0.0	0.0	0.0	0.0	0.0	0.0	0.007814893499016762	0.0	0.0	0.0
medicine	0.0	0.0	0.0	0.0	0.0	0.0	0.0	0.0	0.0	0.0	0.0	0.0073483968153595924	0.0	0.0	0.0
retail	0.0	0.0	0.0	0.0	0.0	0.0	0.0	0.0	0.0	0.0	0.0	0.00717143714427948	0.0	0.0	0.0
retailers	0.0	0.0	0.0	0.0	0.0	0.0	0.0	0.0	0.0	0.0	0.0	0.0067521040327847	0.0	0.0	0.0
shoppers	0.0	0.0	0.0	0.0	0.0	0.0	0.0	0.0	0.0	0.0	0.0	0.006578971166163683	0.0	0.0	0.0
value	0.0	0.0	0.0	0.0	0.0	0.0	0.0	0.0	0.0	0.0	0.0	0.0061752647161483765	0.0	0.0	0.0
shopping	0.0	0.0	0.0	0.0	0.0	0.0	0.0	0.0	0.0	0.0	0.0	0.004993663635104895	0.0	0.0	0.0
product	0.0	0.0	0.0	0.0	0.0	0.0	0.0	0.0	0.0	0.0	0.0	0.004384444560855627	0.0	0.0	0.0
safety	0.0	0.0	0.0	0.0	0.0	0.0	0.0	0.0	0.0	0.0	0.0	0.004033835604786873	0.0	0.0	0.0
customer	0.0	0.0	0.0	0.0	0.0	0.0	0.0	0.0	0.0	0.0	0.0	0.0033889252226799726	0.0	0.0	0.0
air	0.0	0.0	0.0	0.0	0.0	0.0	0.0	0.0	0.0	0.0	0.0	0.003315516049042344	0.0	0.0	0.005250235088169575
brands	0.0	0.0	0.0	0.0	0.0	0.0	0.0	0.0	0.0	0.0	0.0	0.0031872307881712914	0.0	0.0	0.0
branding	0.0	0.0	0.0	0.0	0.0	0.0	0.0	0.0	0.0	0.0	0.0	0.0026664938777685165	0.0	0.0	0.0
tourists	0.0	0.0	0.0	0.0	0.0	0.0	0.0	0.0	0.0	0.0	0.0	0.0026437267661094666	0.0	0.0	0.0
customers	0.0	0.0	0.0	0.0	0.0	0.0	0.0	0.0	0.0	0.0	0.0	0.0025999732315540314	0.0	0.0	0.0
nutrition	0.0	0.0	0.0	0.0	0.0	0.0	0.0	0.0	0.0	0.0	0.0	0.0023399563506245613	0.0	0.0	0.0
universe	0.0	0.0	0.0	0.0	0.0	0.0	0.0	0.0	0.0	0.0	0.0	0.0022928211838006973	0.0	0.0	0.0
particles	0.0	0.0	0.0	0.0	0.0	0.0	0.0	0.0	0.0	0.0	0.0	0.0022627823054790497	0.0	0.0	0.0
waves	0.0	0.0	0.0	0.0	0.0	0.0	0.0	0.0	0.0	0.0	0.0	0.0021831917110830545	0.0	0.0	0.0
detectors	0.0	0.0	0.0	0.0	0.0	0.0	0.0	0.0	0.0	0.0	0.0	0.0021430335473269224	0.0	0.0	0.0
agricultural	0.0	0.0	0.0	0.0	0.0	0.0	0.0	0.0	0.0	0.0	0.0	0.0021318821236491203	0.0	0.0	0.0
marginal	0.0	0.0	0.0	0.0	0.0	0.0	0.0	0.0	0.0	0.0	0.0	0.002049275441095233	0.0	0.0	0.0
fashion	0.0	0.0	0.0	0.0	0.0	0.0	0.0	0.0	0.0	0.0	0.0	0.0020404469687491655	0.0	0.0	0.0
preference	0.0	0.0	0.0	0.0	0.0	0.0	0.0	0.0	0.0	0.0	0.0	0.001997910672798753	0.0	0.0	0.0
cent	0.0	0.0	0.0	0.0	0.0	0.0	0.0	0.0	0.0	0.0	0.0	0.0	0.026679089292883873	0.0	0.0
tourism	0.0	0.0	0.0	0.0	0.0	0.0	0.0	0.0	0.0	0.0	0.0	0.0	0.019565561786293983	0.0	0.0
virus	0.0	0.0	0.0	0.0	0.0	0.0	0.0	0.0	0.0	0.0	0.0	0.0	0.011505085043609142	0.0	0.0
influenza	0.0	0.0	0.0	0.0	0.0	0.0	0.0	0.0	0.0	0.0	0.0	0.0	0.010826237499713898	0.0	0.0
hotel	0.0	0.0	0.0	0.0	0.0	0.0	0.0	0.0	0.0	0.0	0.0	0.0	0.009398707188665867	0.0	0.0
hospitality	0.0	0.0	0.0	0.0	0.0	0.0	0.0	0.0	0.0	0.0	0.0	0.0	0.009167456068098545	0.0	0.0
percent	0.0	0.0	0.0	0.0	0.0	0.0	0.0	0.0	0.0	0.0	0.0	0.0	0.007833190262317657	0.0	0.0
index	0.0	0.0	0.0	0.0	0.0	0.0	0.0	0.0	0.0	0.0	0.0	0.0	0.005859639961272478	0.0	0.0
property	0.0	0.0	0.0	0.0	0.0	0.0	0.0	0.0	0.0	0.0	0.0	0.0	0.005751314107328653	0.0	0.0
housing	0.0	0.0	0.0	0.0	0.0	0.0	0.0	0.0	0.0	0.0	0.0	0.0	0.0055686491541564465	0.0	0.0
viruses	0.0	0.0	0.0	0.0	0.0	0.0	0.0	0.0	0.0	0.0	0.0	0.0	0.005164694506675005	0.0	0.0
confidence	0.0	0.0	0.0	0.0	0.0	0.0	0.0	0.0	0.0	0.0	0.0	0.0	0.005089134909212589	0.0	0.0
according	0.0	0.0	0.0	0.0	0.0	0.0	0.0	0.0	0.0	0.0	0.0	0.0	0.004789228085428476	0.0	0.0
overall	0.0	0.0	0.0	0.0	0.0	0.0	0.0	0.0	0.0	0.0	0.0	0.0	0.004463457968086004	0.0	0.0
residents	0.0	0.0	0.0	0.0	0.0	0.0	0.0	0.0	0.0	0.0	0.0	0.0	0.004389956593513489	0.0	0.0
interest	0.0	0.0	0.0	0.0	0.0	0.0	0.0	0.0	0.0	0.0	0.0	0.0	0.004204761702567339	0.0	0.0
infection	0.0	0.0	0.0	0.0	0.0	0.0	0.0	0.0	0.0	0.0	0.0	0.0	0.0040356917306780815	0.0	0.0
prices	0.0	0.0	0.0	0.0	0.0	0.0	0.0	0.0	0.0	0.0	0.0	0.0	0.003913699649274349	0.0	0.0
conducted	0.0	0.0	0.0	0.0	0.0	0.0	0.0	0.0	0.0	0.0	0.0	0.0	0.003902413882315159	0.003435610793530941	0.0
points	0.0	0.0	0.0	0.0	0.0	0.0	0.0	0.0	0.0	0.0	0.0	0.0	0.0037183670792728662	0.0	0.0
better	0.0	0.0	0.0	0.0	0.0	0.0	0.0	0.0	0.0	0.0	0.0	0.0	0.0033274574670940638	0.0	0.0
recent	0.0	0.0	0.0	0.0	0.0	0.0	0.0	0.0	0.0	0.0	0.0	0.0	0.0030764190014451742	0.0	0.0
viral	0.0	0.0	0.0	0.0	0.0	0.0	0.0	0.0	0.0	0.0	0.0	0.0	0.0029628898482769728	0.0	0.0
conditions	0.0	0.0	0.0	0.0	0.0	0.0	0.0	0.0	0.0	0.0	0.0	0.0	0.002924340544268489	0.0	0.0
residential	0.0	0.0	0.0	0.0	0.0	0.0	0.0	0.0	0.0	0.0	0.0	0.0	0.002909395843744278	0.0	0.0
respiratory	0.0	0.0	0.0	0.0	0.0	0.0	0.0	0.0	0.0	0.0	0.0	0.0	0.002730011474341154	0.0	0.0
school	0.0	0.0	0.0	0.0	0.0	0.0	0.0	0.0	0.0	0.0	0.0	0.0	0.0	0.010811282321810722	0.0
family	0.0	0.0	0.0	0.0	0.0	0.0	0.0	0.0	0.0	0.0	0.0	0.0	0.0	0.008253396488726139	0.0
parents	0.0	0.0	0.0	0.0	0.0	0.0	0.0	0.0	0.0	0.0	0.0	0.0	0.0	0.007827089168131351	0.0
teachers	0.0	0.0	0.0	0.0	0.0	0.0	0.0	0.0	0.0	0.0	0.0	0.0	0.0	0.007103576324880123	0.0
subjects	0.0	0.0	0.0	0.0	0.0	0.0	0.0	0.0	0.0	0.0	0.0	0.0	0.0	0.006014468614012003	0.0
primary	0.0	0.0	0.0	0.0	0.0	0.0	0.0	0.0	0.0	0.0	0.0	0.0	0.0	0.00486895814538002	0.0
secondary	0.0	0.0	0.0	0.0	0.0	0.0	0.0	0.0	0.0	0.0	0.0	0.0	0.0	0.0046720304526388645	0.0
score	0.0	0.0	0.0	0.0	0.0	0.0	0.0	0.0	0.0	0.0	0.0	0.0	0.0	0.004321935586631298	0.0
average	0.0	0.0	0.0	0.0	0.0	0.0	0.0	0.0	0.0	0.0	0.0	0.0	0.0	0.004289624281227589	0.004644421860575676
mathematics	0.0	0.0	0.0	0.0	0.0	0.0	0.0	0.0	0.0	0.0	0.0	0.0	0.0	0.004150821827352047	0.0
suicide	0.0	0.0	0.0	0.0	0.0	0.0	0.0	0.0	0.0	0.0	0.0	0.0	0.0	0.003993188496679068	0.0
physical	0.0	0.0	0.0	0.0	0.0	0.0	0.0	0.0	0.0	0.0	0.0	0.0	0.0	0.003960995469242334	0.0
having	0.0	0.0	0.0	0.0	0.0	0.0	0.0	0.0	0.0	0.0	0.0	0.0	0.0	0.003876658622175455	0.0
sex	0.0	0.0	0.0	0.0	0.0	0.0	0.0	0.0	0.0	0.0	0.0	0.0	0.0	0.003504212712869048	0.0
sexual	0.0	0.0	0.0	0.0	0.0	0.0	0.0	0.0	0.0	0.0	0.0	0.0	0.0	0.0033164171036332846	0.0
women	0.0	0.0	0.0	0.0	0.0	0.0	0.0	0.0	0.0	0.0	0.0	0.0	0.0	0.003224756335839629	0.0
abuse	0.0	0.0	0.0	0.0	0.0	0.0	0.0	0.0	0.0	0.0	0.0	0.0	0.0	0.0032153958454728127	0.0
young	0.0	0.0	0.0	0.0	0.0	0.0	0.0	0.0	0.0	0.0	0.0	0.0	0.0	0.003066413337364793	0.0
mental	0.0	0.0	0.0	0.0	0.0	0.0	0.0	0.0	0.0	0.0	0.0	0.0	0.0	0.003005394246429205	0.0
admitted	0.0	0.0	0.0	0.0	0.0	0.0	0.0	0.0	0.0	0.0	0.0	0.0	0.0	0.002843226073309779	0.0
scores	0.0	0.0	0.0	0.0	0.0	0.0	0.0	0.0	0.0	0.0	0.0	0.0	0.0	0.0027671095449477434	0.0
skills	0.0	0.0	0.0	0.0	0.0	0.0	0.0	0.0	0.0	0.0	0.0	0.0	0.0	0.002762838266789913	0.0
energy	0.0	0.0	0.0	0.0	0.0	0.0	0.0	0.0	0.0	0.0	0.0	0.0	0.0	0.0	0.008428732864558697
smoking	0.0	0.0	0.0	0.0	0.0	0.0	0.0	0.0	0.0	0.0	0.0	0.0	0.0	0.0	0.005743765272200108
pollution	0.0	0.0	0.0	0.0	0.0	0.0	0.0	0.0	0.0	0.0	0.0	0.0	0.0	0.0	0.005135520827025175
eye	0.0	0.0	0.0	0.0	0.0	0.0	0.0	0.0	0.0	0.0	0.0	0.0	0.0	0.0	0.0048962486907839775
myopia	0.0	0.0	0.0	0.0	0.0	0.0	0.0	0.0	0.0	0.0	0.0	0.0	0.0	0.0	0.004742543678730726
solar	0.0	0.0	0.0	0.0	0.0	0.0	0.0	0.0	0.0	0.0	0.0	0.0	0.0	0.0	0.004388218745589256
employment	0.0	0.0	0.0	0.0	0.0	0.0	0.0	0.0	0.0	0.0	0.0	0.0	0.0	0.0	0.004304198082536459
light	0.0	0.0	0.0	0.0	0.0	0.0	0.0	0.0	0.0	0.0	0.0	0.0	0.0	0.0	0.004285778850317001
dental	0.0	0.0	0.0	0.0	0.0	0.0	0.0	0.0	0.0	0.0	0.0	0.0	0.0	0.0	0.003798765828832984
salary	0.0	0.0	0.0	0.0	0.0	0.0	0.0	0.0	0.0	0.0	0.0	0.0	0.0	0.0	0.0034424259793013334
carbon	0.0	0.0	0.0	0.0	0.0	0.0	0.0	0.0	0.0	0.0	0.0	0.0	0.0	0.0	0.003420454915612936
lenses	0.0	0.0	0.0	0.0	0.0	0.0	0.0	0.0	0.0	0.0	0.0	0.0	0.0	0.0	0.003406185656785965
cost	0.0	0.0	0.0	0.0	0.0	0.0	0.0	0.0	0.0	0.0	0.0	0.0	0.0	0.0	0.00334600149653852
higher	0.0	0.0	0.0	0.0	0.0	0.0	0.0	0.0	0.0	0.0	0.0	0.0	0.0	0.0	0.0033400929532945156
job	0.0	0.0	0.0	0.0	0.0	0.0	0.0	0.0	0.0	0.0	0.0	0.0	0.0	0.0	0.003207932226359844
smokers	0.0	0.0	0.0	0.0	0.0	0.0	0.0	0.0	0.0	0.0	0.0	0.0	0.0	0.0	0.00261481711640954
power	0.0	0.0	0.0	0.0	0.0	0.0	0.0	0.0	0.0	0.0	0.0	0.0	0.0	0.0	0.00261313677765429
vision	0.0	0.0	0.0	0.0	0.0	0.0	0.0	0.0	0.0	0.0	0.0	0.0	0.0	0.0	0.002607251051813364
night	0.0	0.0	0.0	0.0	0.0	0.0	0.0	0.0	0.0	0.0	0.0	0.0	0.0	0.0	0.002470186911523342
employed	0.0	0.0	0.0	0.0	0.0	0.0	0.0	0.0	0.0	0.0	0.0	0.0	0.0	0.0	0.002361573278903961
low	0.0	0.0	0.0	0.0	0.0	0.0	0.0	0.0	0.0	0.0	0.0	0.0	0.0	0.0	0.0022593114990741014
temperature	0.0	0.0	0.0	0.0	0.0	0.0	0.0	0.0	0.0	0.0	0.0	0.0	0.0	0.0	0.0022031585685908794
further	0.0	0.0	0.0	0.0	0.0	0.0	0.0	0.0	0.0	0.0	0.0	0.0	0.0	0.0	0.0021762202959507704
lens	0.0	0.0	0.0	0.0	0.0	0.0	0.0	0.0	0.0	0.0	0.0	0.0	0.0	0.0	0.002158504445105791
